"Country Name","Country Code","Indicator Name","Indicator Code","1960","1970","1980","1990","2000","2010","2012","2014","2016","2017","2018",""
"Aruba","ABW","Población, total","SP.POP.TOTL","54211","59063","60096","62149","90853","101669","102577","103795","104822","105264","",""
"Afganistán","AFG","Población, total","SP.POP.TOTL","8996351","11126123","13248370","12249114","20093756","28803167","30696958","32758020","34656032","35530081","",""
"Angola","AGO","Población, total","SP.POP.TOTL","5643182","6776381","8929900","12171441","16440924","23369131","25096150","26920466","28813463","29784193","",""
"Albania","ALB","Población, total","SP.POP.TOTL","1608800","2135479","2671997","3286542","3089027","2913021","2900401","2889104","2876101","2873457","",""
"Andorra","AND","Población, total","SP.POP.TOTL","13411","24276","36067","54509","65390","84449","82431","79223","77281","76965","",""
"El mundo árabe","ARB","Población, total","SP.POP.TOTL","92490932","122398374","165689490","224735446","283832016","356508908","373306993","390043028","406452690","414491886","",""
"Emiratos Árabes Unidos","ARE","Población, total","SP.POP.TOTL","92634","235499","1042384","1860174","3154925","8270684","8900453","9070867","9269612","9400145","",""
"Argentina","ARG","Población, total","SP.POP.TOTL","20619075","23973058","28105888","32729739","37057452","41223889","42096739","42981515","43847430","44271041","",""
"Armenia","ARM","Población, total","SP.POP.TOTL","1874120","2525065","3099751","3538165","3069588","2877311","2881922","2906220","2924816","2930450","",""
"Samoa Americana","ASM","Población, total","SP.POP.TOTL","20013","27292","32457","47038","57521","55637","55230","55437","55599","55641","",""
"Antigua y Barbuda","ATG","Población, total","SP.POP.TOTL","55339","67098","73442","66696","83584","94661","96777","98875","100963","102012","",""
"Australia","AUS","Población, total","SP.POP.TOTL","10276477","12507000","14692000","17065100","19153000","22031750","22733465","23475686","24190907","24601860","",""
"Austria","AUT","Población, total","SP.POP.TOTL","7047539","7467086","7549433","7677850","8011566","8363404","8429991","8546356","8736668","8797566","",""
"Azerbaiyán","AZE","Población, total","SP.POP.TOTL","3895396","5180025","6150738","7159000","8048600","9054332","9295784","9535079","9757812","9854033","",""
"Burundi","BDI","Población, total","SP.POP.TOTL","2786106","3455606","4116817","5415415","6400706","8766930","9319710","9891790","10524117","10864245","",""
"Bélgica","BEL","Población, total","SP.POP.TOTL","9153489","9655549","9859242","9967379","10251250","10895586","11106932","11209057","11331422","11382393","",""
"Benin","BEN","Población, total","SP.POP.TOTL","2431622","2912340","3717165","4978496","6865951","9199259","9729160","10286712","10872298","11175692","",""
"Burkina Faso","BFA","Población, total","SP.POP.TOTL","4829288","5624600","6822843","8811034","11607942","15605217","16571216","17585977","18646433","19193382","",""
"Bangladesh","BGD","Población, total","SP.POP.TOTL","48199747","65047770","81470860","106188642","131581243","152149102","155727053","159405279","162951560","164669751","",""
"Bulgaria","BGR","Población, total","SP.POP.TOTL","7867374","8489574","8861535","8718289","8170172","7395599","7305888","7223938","7127822","7075947","",""
"Bahrein","BHR","Población, total","SP.POP.TOTL","162427","212605","359888","495931","664614","1240862","1300217","1336397","1425171","1492584","",""
"Bahamas","BHS","Población, total","SP.POP.TOTL","109528","169354","210661","256336","297890","360832","372039","382169","391232","395361","",""
"Bosnia y Herzegovina","BIH","Población, total","SP.POP.TOTL","3225668","3760527","4179855","4463422","3766706","3722084","3648200","3566002","3516816","3507017","",""
"Belarús","BLR","Población, total","SP.POP.TOTL","8198000","9040000","9643000","10189000","9979610","9490583","9464495","9474511","9501534","9498264","",""
"Belice","BLZ","Población, total","SP.POP.TOTL","92064","122182","144155","187552","247315","321608","336701","351694","366954","374681","",""
"Bermudas","BMU","Población, total","SP.POP.TOTL","44400","55000","54670","59326","61833","65124","64798","65139","65341","65441","",""
"Bolivia","BOL","Población, total","SP.POP.TOTL","3693449","4505778","5589575","6856244","8339512","9918242","10239004","10562159","10887882","11051600","",""
"Brasil","BRA","Población, total","SP.POP.TOTL","72207554","95326793","121159761","149352145","175287587","196796269","200560983","204213133","207652865","209288278","",""
"Barbados","BRB","Población, total","SP.POP.TOTL","230939","238848","252194","260374","269847","279569","281585","283385","284996","285719","",""
"Brunei Darussalam","BRN","Población, total","SP.POP.TOTL","81745","129583","193949","258785","333241","388662","399748","411704","423196","428697","",""
"Bhután","BTN","Población, total","SP.POP.TOTL","223288","298301","409172","537280","573416","727641","752967","776448","797765","807610","",""
"Botswana","BWA","Población, total","SP.POP.TOTL","524552","695597","1001158","1377912","1728340","2014866","2089315","2168573","2250260","2291661","",""
"República Centroafricana","CAF","Población, total","SP.POP.TOTL","1503508","1828709","2279821","2939780","3754986","4448525","4490416","4515392","4594621","4659080","",""
"Canadá","CAN","Población, total","SP.POP.TOTL","17909009","21324000","24593000","27791000","30769700","34005274","34750545","35535348","36264604","36708083","",""
"Europa Central y del Báltico","CEB","Población, total","SP.POP.TOTL","91401764","99134548","106576687","110743128","108447824","104421447","103935318","103496179","102994343","102735349","",""
"Suiza","CHE","Población, total","SP.POP.TOTL","5327827","6180877","6319408","6715519","7184250","7824909","7996861","8188649","8373338","8450851","",""
"Islas del Canal","CHI","Población, total","SP.POP.TOTL","109420","121197","128212","140671","148725","159581","161358","162969","164541","165314","",""
"Chile","CHL","Población, total","SP.POP.TOTL","7716625","9563865","11266226","13242132","15262754","16993354","17309746","17613798","17909754","18054726","",""
"China","CHN","Población, total","SP.POP.TOTL","667070000","818315000","981235000","1135185000","1262645000","1337705000","1350695000","1364270000","1378665000","1386395000","",""
"Côte d'Ivoire","CIV","Población, total","SP.POP.TOTL","3558988","5242395","8293675","12267754","16686561","20401331","21418603","22531350","23695919","24294750","",""
"Camerún","CMR","Población, total","SP.POP.TOTL","5176268","6527635","8618354","11715218","15274234","19970495","21082383","22239904","23439189","24053727","",""
"Congo, República Democrática del","COD","Población, total","SP.POP.TOTL","15248251","20009935","26357462","34614581","47076387","64523263","68978682","73722860","78736153","81339988","",""
"Congo, República del","COG","Población, total","SP.POP.TOTL","1037220","1364812","1839935","2440457","3225727","4386693","4633363","4871101","5125821","5260750","",""
"Colombia","COL","Población, total","SP.POP.TOTL","16480383","22061215","27737900","34271565","40403958","45918097","46881475","47791911","48653419","49065615","",""
"Comoras","COM","Población, total","SP.POP.TOTL","191121","230054","307829","411594","542357","689692","723868","759385","795601","813912","",""
"Cabo Verde","CPV","Población, total","SP.POP.TOTL","202310","270198","286657","341883","435079","502384","513979","526437","539560","546388","",""
"Costa Rica","CRI","Población, total","SP.POP.TOTL","1333040","1848866","2389310","3095995","3925443","4545280","4654122","4757575","4857274","4905769","",""
"Estados pequeos del Caribe","CSS","Población, total","SP.POP.TOTL","4198307","4900059","5497756","6021614","6530691","6984096","7074129","7162679","7245472","7284294","",""
"Cuba","CUB","Población, total","SP.POP.TOTL","7141135","8715123","9835177","10582081","11150736","11333051","11382146","11439767","11475982","11484636","",""
"Curacao","CUW","Población, total","SP.POP.TOTL","124826","144739","148041","145400","133860","148703","152088","155909","159664","160175","",""
"Islas Caimán","CYM","Población, total","SP.POP.TOTL","7865","9144","16162","25010","41687","55507","57523","59172","60765","61559","",""
"Chipre","CYP","Población, total","SP.POP.TOTL","572930","613621","685406","766614","943286","1112607","1135062","1152309","1170125","1179551","",""
"República Checa","CZE","Población, total","SP.POP.TOTL","9602006","9858071","10304193","10333355","10255063","10474410","10510785","10525347","10566332","10594438","",""
"Alemania","DEU","Población, total","SP.POP.TOTL","72814900","78169289","78288576","79433029","82211508","81776930","80425823","80982500","82348669","82685827","",""
"Djibouti","DJI","Población, total","SP.POP.TOTL","83636","159659","358960","590398","717584","851146","881185","912164","942333","956985","",""
"Dominica","DMA","Población, total","SP.POP.TOTL","60011","71073","75314","70926","69676","71440","72044","72778","73543","73925","",""
"Dinamarca","DNK","Población, total","SP.POP.TOTL","4579603","4928757","5123027","5140939","5339616","5547683","5591572","5643475","5728010","5764980","",""
"República Dominicana","DOM","Población, total","SP.POP.TOTL","3294042","4503114","5809269","7183647","8562622","9897985","10154950","10405844","10648791","10766998","",""
"Argelia","DZA","Población, total","SP.POP.TOTL","11124888","14550034","19337715","25912367","31183660","36117637","37565847","39113313","40606052","41318142","",""
"Asia oriental y el Pacífico (excluido altos ingresos)","EAP","Población, total","SP.POP.TOTL","893956327","1116105178","1359492990","1604526529","1815956211","1966231608","1994651365","2023837097","2053299126","2068307600","",""
"inicial del dividendo demográfico","EAR","Población, total","SP.POP.TOTL","979287407","1247052966","1592673530","2031828081","2474600589","2909410986","2997066325","3084236443","3170657660","3213427823","",""
"Asia oriental y el Pacífico","EAS","Población, total","SP.POP.TOTL","1040034304","1289319574","1558241583","1821518023","2047138744","2207155022","2237073498","2267716950","2298707239","2314367614","",""
"Europa y Asia central (excluido altos ingresos)","ECA","Población, total","SP.POP.TOTL","274947938","314288628","349906056","385427446","392316800","398913899","403343565","408264037","413243140","415532934","",""
"Europa y Asia central","ECS","Población, total","SP.POP.TOTL","667246565","737949430","793948872","842845841","862005219","888754848","894562528","903115574","911694031","915483880","",""
"Ecuador","ECU","Población, total","SP.POP.TOTL","4545550","6072527","7976445","10218091","12628596","14934690","15419666","15903112","16385068","16624858","",""
"Egipto, República Árabe de","EGY","Población, total","SP.POP.TOTL","26996533","35046273","44099142","57412215","69905988","84107606","87813257","91812566","95688681","97553151","",""
"Zona del Euro","EMU","Población, total","SP.POP.TOTL","265396502","287416205","302363486","311539698","321310787","336151474","336159190","338466271","340616862","341443382","",""
"Eritrea","ERI","Población, total","SP.POP.TOTL","1397491","1811878","2385540","3113311","3392801","4390840","","","","","",""
"España","ESP","Población, total","SP.POP.TOTL","30455000","33814531","37491165","38867322","40567864","46576897","46773055","46480882","46483569","46593171","",""
"Estonia","EST","Población, total","SP.POP.TOTL","1211537","1360076","1477219","1569174","1396985","1331475","1322696","1314545","1315790","1317384","",""
"Etiopía","ETH","Población, total","SP.POP.TOTL","22151278","28415077","35264898","48086516","66537331","87702670","92444183","97366774","102403196","104957438","",""
"Unión Europea","EUU","Población, total","SP.POP.TOTL","409498644","442063518","464404695","478002675","488221134","504298772","505096228","508193872","511218467","512431044","",""
"Frágiles y situaciones de conflicto afectados","FCS","Población, total","SP.POP.TOTL","119967877","153859672","202791782","259301889","337602457","433388814","454618893","476608101","499508468","511336623","",""
"Finlandia","FIN","Población, total","SP.POP.TOTL","4429634","4606307","4779535","4986431","5176209","5363352","5413971","5461512","5495303","5508214","",""
"Fiji","FJI","Población, total","SP.POP.TOTL","393386","520529","635255","728628","811223","859950","873596","885806","898760","905502","",""
"Francia","FRA","Población, total","SP.POP.TOTL","46814237","52035095","55340782","58512808","60912500","65027507","65659789","66316092","66859768","67105513","",""
"Islas Feroe","FRO","Población, total","SP.POP.TOTL","34661","39083","43514","47594","47258","48550","48666","48842","49117","49290","",""
"Micronesia (Estados Federados de)","FSM","Población, total","SP.POP.TOTL","44537","61431","72964","96331","107432","103616","103503","104015","104937","105544","",""
"Gabón","GAB","Población, total","SP.POP.TOTL","499184","590118","729159","952212","1231122","1640210","1756817","1875713","1979786","2025137","",""
"Reino Unido","GBR","Población, total","SP.POP.TOTL","52400000","55663250","56314216","57247586","58892514","62766365","63700300","64613160","65595565","66023290","",""
"Georgia","GEO","Población, total","SP.POP.TOTL","3645600","4119900","4467700","4802000","4077131","3786695","3728874","3719414","3727505","3728004","",""
"Ghana","GHA","Población, total","SP.POP.TOTL","6652287","8596983","10802028","14628260","18938762","24512104","25733049","26962563","28206728","28833629","",""
"Gibraltar","GIB","Población, total","SP.POP.TOTL","23394","28560","30272","29164","31180","33189","33623","34038","34408","34571","",""
"Guinea","GIN","Población, total","SP.POP.TOTL","3577409","4219770","4511902","6041094","8808546","10794170","11281469","11805509","12395924","12717176","",""
"Gambia","GMB","Población, total","SP.POP.TOTL","367928","447285","604369","916808","1231844","1692149","1802125","1917852","2038501","2100568","",""
"Guinea-Bissau","GNB","Población, total","SP.POP.TOTL","616409","711827","800854","1012280","1243229","1555880","1638139","1725744","1815698","1861283","",""
"Guinea Ecuatorial","GNQ","Población, total","SP.POP.TOTL","255323","306515","255325","426846","614323","951104","1038593","1129424","1221490","1267689","",""
"Grecia","GRC","Población, total","SP.POP.TOTL","8331725","8792806","9642505","10196792","10805808","11121341","11045011","10892413","10775971","10753531","",""
"Granada","GRD","Población, total","SP.POP.TOTL","89869","94426","89005","96283","101619","104677","105481","106360","107317","107825","",""
"Groenlandia","GRL","Población, total","SP.POP.TOTL","32500","46400","50200","55600","56200","56905","56810","56295","56186","56171","",""
"Guatemala","GTM","Población, total","SP.POP.TOTL","4210747","5621792","7283459","9263813","11650743","14630417","15271056","15923559","16582469","16913503","",""
"Guam","GUM","Población, total","SP.POP.TOTL","66742","83877","104133","130482","155329","159444","159973","160967","162896","164229","",""
"Guyana","GUY","Población, total","SP.POP.TOTL","571819","704934","780153","743309","753301","746556","753091","763393","773303","777859","",""
"Ingreso alto","HIC","Población, total","SP.POP.TOTL","780591817","876848585","962302649","1037368612","1115040509","1198652923","1211908469","1226947377","1241782962","1248439499","",""
"Hong Kong, Región Administrativa Especial","HKG","Población, total","SP.POP.TOTL","3075605","3959000","5063100","5704500","6665000","7024200","7150100","7229500","7336600","7391700","",""
"Honduras","HND","Población, total","SP.POP.TOTL","2038637","2716659","3678286","4955328","6524283","8194778","8505646","8809216","9112867","9265067","",""
"Países pobres muy endeudados (PPME)","HPC","Población, total","SP.POP.TOTL","162495580","208415064","271603169","355762200","474935556","630127436","666488623","704745420","744602976","765112280","",""
"Croacia","HRV","Población, total","SP.POP.TOTL","4140181","4412252","4599782","4777368","4468302","4295427","4267558","4238389","4174349","4124531","",""
"Haití","HTI","Población, total","SP.POP.TOTL","3866159","4708642","5688836","7099732","8549200","9999617","10289210","10572466","10847334","10981229","",""
"Hungría","HUN","Población, total","SP.POP.TOTL","9983967","10337910","10711122","10373988","10210971","10000023","9920362","9866468","9814023","9787966","",""
"Sólo BIRF","IBD","Población, total","SP.POP.TOTL","1917374666","2368642256","2895429388","3471572174","3985757329","4429761273","4519455787","4610015057","4699240160","4743251569","",""
"BIRF y la AIF","IBT","Población, total","SP.POP.TOTL","2299864406","2861879438","3535487545","4313723370","5072167851","5803309364","5957572051","6114992618","6273592853","6353188384","",""
"total de la AIF","IDA","Población, total","SP.POP.TOTL","382489740","493237182","640058157","842151196","1086410522","1373548091","1438116264","1504977561","1574352693","1609936815","",""
"mezcla de la AIF","IDB","Población, total","SP.POP.TOTL","123195063","158588589","211007189","282899816","361050467","452947421","474993526","497751634","521159047","533022904","",""
"Indonesia","IDN","Población, total","SP.POP.TOTL","87792515","114834780","147490365","181436821","211540429","242524123","248883232","255131116","261115456","263991379","",""
"Sólo AIF","IDX","Población, total","SP.POP.TOTL","259294677","334648593","429050968","559251380","725360055","920600670","963122738","1007225927","1053193646","1076913911","",""
"Isla de Man","IMN","Población, total","SP.POP.TOTL","48442","55425","63551","68429","72554","80072","81406","82590","83737","84287","",""
"India","IND","Población, total","SP.POP.TOTL","449480608","553578513","696783517","870133480","1053050912","1230980691","1263065852","1293859294","1324171354","1339180127","",""
"No clasificado","INX","Población, total","SP.POP.TOTL","","","","","","","","","","","",""
"Irlanda","IRL","Población, total","SP.POP.TOTL","2828600","2957250","3412800","3513974","3805174","4560155","4599533","4657740","4755335","4811321","",""
"Irán, República Islámica del","IRN","Población, total","SP.POP.TOTL","21906903","28514010","38668220","56226185","66131854","74567511","76453574","78411092","80277428","81162788","",""
"Iraq","IRQ","Población, total","SP.POP.TOTL","7289761","9917983","13653356","17469005","23565413","30762701","32776571","35006080","37202572","38274618","",""
"Islandia","ISL","Población, total","SP.POP.TOTL","175574","204438","228138","254826","281205","318041","320716","327386","335439","343400","",""
"Israel","ISR","Población, total","SP.POP.TOTL","2114020","2974000","3878000","4660000","6289000","7623600","7910500","8215700","8546000","8713300","",""
"Italia","ITA","Población, total","SP.POP.TOTL","50199700","53821850","56433883","56719240","56942108","59277417","59539717","60789140","60627498","60536709","",""
"Jamaica","JAM","Población, total","SP.POP.TOTL","1628252","1875381","2163045","2424242","2656864","2817210","2840992","2862087","2881355","2890299","",""
"Jordania","JOR","Población, total","SP.POP.TOTL","932257","1718913","2374422","3560582","5103130","7182390","7992573","8809306","9455802","9702353","",""
"Japón","JPN","Población, total","SP.POP.TOTL","92500572","104345000","116782000","123537000","126843000","128070000","127629000","127276000","126994511","126785797","",""
"Kazajstán","KAZ","Población, total","SP.POP.TOTL","9714260","12757245","14518924","16348000","14883626","16321872","16792089","17288285","17794055","18037776","",""
"Kenya","KEN","Población, total","SP.POP.TOTL","8105440","11252492","16268990","23402507","31450483","41350152","43646629","46024250","48461567","49699862","",""
"Kirguistán","KGZ","Población, total","SP.POP.TOTL","2172300","2959900","3617400","4391200","4898400","5447900","5607200","5835500","6079500","6198200","",""
"Camboya","KHM","Población, total","SP.POP.TOTL","5722370","6994848","6692107","8973342","12152354","14308740","14776866","15270790","15762370","16005373","",""
"Kiribati","KIR","Población, total","SP.POP.TOTL","41233","51178","59339","72412","84406","102652","106613","110458","114395","116398","",""
"Saint Kitts y Nevis","KNA","Población, total","SP.POP.TOTL","51195","44885","43210","40834","45374","51445","52591","53739","54821","55345","",""
"Corea, República de","KOR","Población, total","SP.POP.TOTL","25012374","32240827","38123775","42869283","47008111","49554112","50199853","50746659","51245707","51466201","",""
"Kuwait","KWT","Población, total","SP.POP.TOTL","269618","746767","1372318","2099615","2050741","2998083","3395556","3782450","4052584","4136528","",""
"América Latina y el Caribe (excluido altos ingresos)","LAC","Población, total","SP.POP.TOTL","184536470","245013878","314056110","387713894","459908706","524870761","537645733","550149862","562254848","568136842","",""
"República Democrática Popular Lao","LAO","Población, total","SP.POP.TOTL","2120896","2688428","3258144","4258472","5329304","6246274","6415169","6576397","6758353","6858160","",""
"Líbano","LBN","Población, total","SP.POP.TOTL","1804926","2297389","2605293","2703016","3235366","4337141","4916404","5603279","6006668","6082357","",""
"Liberia","LBR","Población, total","SP.POP.TOTL","1120313","1416529","1888314","2097232","2884522","3948125","4181563","4390737","4613823","4731906","",""
"Libia","LBY","Población, total","SP.POP.TOTL","1448417","2133526","3219466","4436661","5355751","6169140","6198258","6204108","6293253","6374616","",""
"Santa Lucía","LCA","Población, total","SP.POP.TOTL","89897","104160","117987","138185","156949","172580","174835","176421","178015","178844","",""
"América Latina y el Caribe","LCN","Población, total","SP.POP.TOTL","220434662","287361389","363543431","445044474","524829251","596478519","610547919","624335544","637663866","644124651","",""
"Países menos desarrollados: clasificación de las Naciones Unidas","LDC","Población, total","SP.POP.TOTL","240742196","308486373","393279303","510827576","664804763","848791962","890423474","934192321","979387925","1002485957","",""
"Países de ingreso bajo","LIC","Población, total","SP.POP.TOTL","166502848","211385069","271925904","352473181","465631330","612274687","644901894","678572076","714022293","732448558","",""
"Liechtenstein","LIE","Población, total","SP.POP.TOTL","16495","21265","25866","28747","33286","36003","36545","37127","37666","37922","",""
"Sri Lanka","LKA","Población, total","SP.POP.TOTL","9874481","12485756","15035856","17329713","18781938","20198353","20425000","20778000","21203000","21444000","",""
"Países de ingreso mediano bajo","LMC","Población, total","SP.POP.TOTL","934586665","1177647344","1489702291","1881674731","2279894047","2681125444","2764009843","2847558498","2931083733","2972649833","",""
"Ingreso mediano y bajo","LMY","Población, total","SP.POP.TOTL","2251658472","2808966620","3477109502","4250768747","5006331359","5733943206","5887403423","6044110338","6202027949","6281279888","",""
"Lesotho","LSO","Población, total","SP.POP.TOTL","851591","1033050","1310118","1603938","1868699","2040551","2089928","2145785","2203821","2233339","",""
"avanzada del dividendo demográfico","LTE","Población, total","SP.POP.TOTL","1097220852","1340215315","1597224701","1851248918","2046846162","2182732335","2209612378","2237241304","2264577161","2278213001","",""
"Lituania","LTU","Población, total","SP.POP.TOTL","2778550","3139689","3413202","3697838","3499536","3097282","2987773","2932367","2868231","2828403","",""
"Luxemburgo","LUX","Población, total","SP.POP.TOTL","313970","339171","364150","381850","436300","506953","530946","556319","582014","596336","",""
"Letonia","LVA","Población, total","SP.POP.TOTL","2120979","2359164","2511701","2663151","2367550","2097555","2034319","1993782","1959537","1942248","",""
"Región Administrativa Especial de Macao, China","MAC","Población, total","SP.POP.TOTL","167796","246195","238118","343935","427979","536969","562531","588781","612167","622567","",""
"Isla de San Martín (parte francesa)","MAF","Población, total","SP.POP.TOTL","4279","5450","7580","30036","28384","30235","30959","31530","31949","32125","",""
"Marruecos","MAR","Población, total","SP.POP.TOTL","12328532","16000008","20019847","24879136","28849621","32409639","33333789","34318082","35276786","35739580","",""
"Mónaco","MCO","Población, total","SP.POP.TOTL","22452","23484","26745","29439","32082","37094","37783","38132","38499","38695","",""
"República de Moldova","MDA","Población, total","SP.POP.TOTL","2544000","3044000","3396000","3696000","3639592","3562045","3559519","3556397","3551954","3549196","",""
"Madagascar","MDG","Población, total","SP.POP.TOTL","5099373","6576305","8716553","11598633","15766806","21151640","22346573","23589801","24894551","25570895","",""
"Maldivas","MDV","Población, total","SP.POP.TOTL","89887","115768","158385","223215","280384","364511","386203","408247","427756","436330","",""
"Oriente Medio y Norte de África","MEA","Población, total","SP.POP.TOTL","105488678","139083819","185843847","255989130","317129227","388376106","404783020","421030035","436738031","444326024","",""
"México","MEX","Población, total","SP.POP.TOTL","38174112","52029861","69360871","85357874","101719673","117318941","120828307","124221600","127540423","129163276","",""
"Islas Marshall","MHL","Población, total","SP.POP.TOTL","14662","20395","30576","47298","52159","52425","52663","52898","53066","53127","",""
" Ingreso mediano","MIC","Población, total","SP.POP.TOTL","2085155624","2597581551","3205183598","3898295566","4540700029","5121668519","5242501529","5365538262","5488005656","5548831330","",""
"Macedonia del Norte","MKD","Población, total","SP.POP.TOTL","1488667","1720800","1924197","1996228","2034819","2070739","2074036","2077495","2081206","2083160","",""
"Malí","MLI","Población, total","SP.POP.TOTL","5263733","5949045","7090126","8465188","10967690","15075085","16006670","16962846","17994837","18541980","",""
"Malta","MLT","Población, total","SP.POP.TOTL","326550","302650","316645","354170","390087","414508","420028","434558","455356","467999","",""
"Myanmar","MMR","Población, total","SP.POP.TOTL","20986123","26381431","33369712","40626250","46095462","50155896","50986514","51924182","52885223","53370609","",""
"Oriente Medio y Norte de África (excluido altos ingresos)","MNA","Población, total","SP.POP.TOTL","97837766","127942543","167755859","227903820","280955290","335581557","348195697","361077997","373719055","379901782","",""
"Montenegro","MNE","Población, total","SP.POP.TOTL","480579","512407","572608","606372","604950","619428","620601","621810","622303","622373","",""
"Mongolia","MNG","Población, total","SP.POP.TOTL","955505","1278825","1689622","2184145","2397436","2712650","2814226","2923896","3027398","3075647","",""
"Mariana","MNP","Población, total","SP.POP.TOTL","10035","13127","16920","42538","69094","54424","53718","54468","55023","55144","",""
"Mozambique","MOZ","Población, total","SP.POP.TOTL","7388695","9161534","11848331","13247649","18067687","24221405","25676606","27212382","28829476","29668834","",""
"Mauritania","MRT","Población, total","SP.POP.TOTL","858168","1148908","1534085","2030140","2709359","3609543","3830239","4063920","4301018","4420184","",""
"Mauricio","MUS","Población, total","SP.POP.TOTL","659351","826000","966039","1058775","1186873","1250400","1255882","1260934","1263473","1264613","",""
"Malawi","MWI","Población, total","SP.POP.TOTL","3618595","4603723","6163080","9437553","11376172","15167095","16097305","17068838","18091575","18622104","",""
"Malasia","MYS","Población, total","SP.POP.TOTL","8157106","10803978","13798125","18038321","23185608","28112289","29170456","30228017","31187265","31624264","",""
"América del Norte","NAC","Población, total","SP.POP.TOTL","198624409","226431000","251872670","277473326","312993944","343396483","348689561","353986908","359401287","361920645","",""
"Namibia","NAM","Población, total","SP.POP.TOTL","602544","780384","1012672","1414692","1899257","2173170","2263934","2370992","2479713","2533794","",""
"Nueva Caledonia","NCL","Población, total","SP.POP.TOTL","79000","112000","140050","170899","213230","249750","259000","268050","276550","280460","",""
"Níger","NER","Población, total","SP.POP.TOTL","3388764","4510479","5988904","8012861","11352973","16425578","17731634","19148219","20672987","21477348","",""
"Nigeria","NGA","Población, total","SP.POP.TOTL","45137812","55981400","73460724","95269988","122352009","158578261","167297284","176460502","185989640","190886311","",""
"Nicaragua","NIC","Población, total","SP.POP.TOTL","1774699","2398096","3249910","4144565","5026796","5737723","5877108","6013997","6149928","6217581","",""
"Países Bajos","NLD","Población, total","SP.POP.TOTL","11486631","13038526","14149800","14951510","15925513","16615394","16754962","16865008","17030314","17131296","",""
"Noruega","NOR","Población, total","SP.POP.TOTL","3581239","3875763","4085620","4241473","4490967","4889252","5018573","5137232","5234519","5276968","",""
"Nepal","NPL","Población, total","SP.POP.TOTL","10063011","11997929","14902163","18749406","23740911","27023137","27649925","28323241","28982771","29304998","",""
"Nauru","NRU","Población, total","SP.POP.TOTL","4433","6496","7488","9155","10037","10025","10279","11853","13049","12876","",""
"Nueva Zelandia","NZL","Población, total","SP.POP.TOTL","2371800","2810700","3112900","3329800","3857700","4350700","4408100","4509700","4693200","4793900","",""
"Miembros OCDE","OED","Población, total","SP.POP.TOTL","791487664","895979621","991341533","1072793105","1160068208","1245466692","1259459408","1275900506","1292500653","1300249533","",""
"Omán","OMN","Población, total","SP.POP.TOTL","551740","723852","1154379","1812160","2267991","3041460","3464644","3960925","4424762","4636262","",""
"Otros Estados pequeos","OSS","Población, total","SP.POP.TOTL","9196324","11107495","13628831","17470899","20939372","26267053","27529595","28774019","30012500","30627643","",""
"Pakistán","PAK","Población, total","SP.POP.TOTL","44908293","58090759","78068144","107678614","138523285","170560182","177911533","185546257","193203476","197015955","",""
"Panamá","PAN","Población, total","SP.POP.TOTL","1132921","1519299","1978578","2471009","3030347","3643222","3772938","3903986","4034119","4098587","",""
"Perú","PER","Población, total","SP.POP.TOTL","10061515","13341069","17359120","21826658","25914879","29373646","30158966","30973354","31773839","32165485","",""
"Filipinas","PHL","Población, total","SP.POP.TOTL","26273025","35804729","47396968","61947348","77991569","93726624","96866642","100102249","103320222","104918090","",""
"Palau","PLW","Población, total","SP.POP.TOTL","9642","11480","12194","15088","19175","20470","20758","21094","21503","21729","",""
"Papua Nueva Guinea","PNG","Población, total","SP.POP.TOTL","2010677","2527586","3304473","4313059","5572222","7108239","7430836","7755785","8084991","8251162","",""
"Polonia","POL","Población, total","SP.POP.TOTL","29637450","32664300","35574150","38110782","38258629","38042794","38063164","38011735","37970087","37974826","",""
"previa al dividendo demográfico","PRE","Población, total","SP.POP.TOTL","188636191","241027706","319174900","417158756","554097477","739082260","783505835","830442736","879292453","904399841","",""
"Puerto Rico","PRI","Población, total","SP.POP.TOTL","2358000","2718000","3206000","3537000","3810605","3721525","3634488","3534874","3406495","3325001","",""
"Corea, República Popular Democrática de","PRK","Población, total","SP.POP.TOTL","11424176","14410400","17472140","20293054","22929075","24591599","24854034","25116363","25368620","25490965","",""
"Portugal","PRT","Población, total","SP.POP.TOTL","8857716","8680431","9766312","9983218","10289898","10573100","10514844","10401062","10325452","10300300","",""
"Paraguay","PRY","Población, total","SP.POP.TOTL","1902875","2474106","3180630","4213742","5302700","6209877","6379219","6552584","6725308","6811297","",""
"Ribera Occidental y Gaza","PSE","Población, total","SP.POP.TOTL","","","","1978248","2922153","3811102","4046901","4294682","4551566","4684777","",""
"Estados pequeos de las Islas del Pacfico","PSS","Población, total","SP.POP.TOTL","865809","1152036","1420671","1694408","1964216","2214096","2271298","2329458","2388875","2418415","",""
"posterior al dividendo demográfico","PST","Población, total","SP.POP.TOTL","754705477","840844705","910122297","964599273","1020634155","1074996518","1082578026","1092414320","1102423577","1106748580","",""
"Polinesia Francesa","PYF","Población, total","SP.POP.TOTL","78076","110495","151708","198375","237258","267820","271703","275484","280208","283007","",""
"Qatar","QAT","Población, total","SP.POP.TOTL","47384","109514","223775","476445","592267","1779676","2109568","2374419","2569804","2639211","",""
"Rumania","ROU","Población, total","SP.POP.TOTL","18406905","20250398","22242653","23201835","22442971","20246871","20058035","19908979","19702332","19583986","",""
"Federación de Rusia","RUS","Población, total","SP.POP.TOTL","119897000","130404000","139010000","148292000","146596557","142849449","143201676","143819666","144342396","144496740","",""
"Rwanda","RWA","Población, total","SP.POP.TOTL","2933428","3754541","5140716","7235798","8025703","10246842","10788853","11345357","11917508","12208407","",""
"Asia meridional","SAS","Población, total","SP.POP.TOTL","571835666","712740919","900076467","1133089464","1386625845","1630806784","1676615491","1721854786","1766393714","1788388852","",""
"Arabia Saudita","SAU","Población, total","SP.POP.TOTL","4086539","5836389","9740599","16326815","20764312","27425676","29086357","30776722","32275687","32938213","",""
"Sudán","SDN","Población, total","SP.POP.TOTL","7544491","10281700","14507468","20147590","27250535","34385963","35990192","37737913","39578828","40533330","",""
"Senegal","SEN","Población, total","SP.POP.TOTL","3206749","4257505","5592646","7555617","9884052","12916229","13703513","14546111","15411614","15850567","",""
"Singapur","SGP","Población, total","SP.POP.TOTL","1646400","2074500","2413945","3047132","4027887","5076732","5312437","5469724","5607283","5612253","",""
"Islas Salomón","SLB","Población, total","SP.POP.TOTL","117866","160290","230607","311840","412609","527790","551531","575504","599419","611343","",""
"Sierra Leona","SLE","Población, total","SP.POP.TOTL","2297110","2692259","3365441","4312246","4564297","6458720","6766103","7079162","7396190","7557212","",""
"El Salvador","SLV","Población, total","SP.POP.TOTL","2762899","3668595","4580704","5254984","5867626","6164626","6221246","6281189","6344722","6377853","",""
"San Marino","SMR","Población, total","SP.POP.TOTL","15397","19138","21361","24043","27418","31110","31914","32657","33203","33400","",""
"Somalia","SOM","Población, total","SP.POP.TOTL","2755947","3444553","6359126","7397347","9011479","12053223","12763776","13513125","14317996","14742523","",""
"Serbia","SRB","Población, total","SP.POP.TOTL","","","","7586000","7516346","7291436","7199077","7130576","7058322","7020858","",""
"África al sur del Sahara (excluido altos ingresos)","SSA","Población, total","SP.POP.TOTL","228544305","292875474","385822020","512107594","670568507","877538597","926951572","978926559","1033118066","1061011878","",""
"Sudán del Sur","SSD","Población, total","SP.POP.TOTL","2955152","3647709","4705224","5768481","6700656","10067192","10818258","11530971","12230730","12575714","",""
"África al sur del Sahara","SSF","Población, total","SP.POP.TOTL","228586005","292929074","385885281","512177101","670649638","877628367","927039875","979017918","1033212743","1061107721","",""
"Pequeños Estados","SST","Población, total","SP.POP.TOTL","14260440","17159590","20547258","25186921","29434279","35465245","36875022","38266156","39646847","40330352","",""
"Santo Tomé y Príncipe","STP","Población, total","SP.POP.TOTL","64253","74253","94949","113893","138606","174776","182889","191266","199910","204327","",""
"Suriname","SUR","Población, total","SP.POP.TOTL","289966","371273","362777","407472","472390","526103","537077","547928","558368","563402","",""
"República Eslovaca","SVK","Población, total","SP.POP.TOTL","4068095","4538223","4979815","5299187","5388720","5391428","5407579","5418649","5430798","5439232","",""
"Eslovenia","SVN","Población, total","SP.POP.TOTL","1584720","1724891","1901315","1998161","1988925","2048583","2057159","2061980","2065042","2066388","",""
"Suecia","SWE","Población, total","SP.POP.TOTL","7484656","8042801","8310531","8558835","8872109","9378126","9519374","9696110","9923085","10057698","",""
"Eswatini","SWZ","Población, total","SP.POP.TOTL","349174","445729","603372","861373","1061468","1202843","1248158","1295097","1343098","1367254","",""
"Sint Maarten (Dutch part)","SXM","Población, total","SP.POP.TOTL","","","","","30519","34056","34640","37685","39969","41109","",""
"Seychelles","SYC","Población, total","SP.POP.TOTL","41700","53600","63261","69507","81131","89770","88303","91359","94677","95843","",""
"República Árabe Siria","SYR","Población, total","SP.POP.TOTL","4573512","6350541","8930774","12446171","16410848","21018834","20420701","19203090","18430453","18269868","",""
"Islas Turcas y Caicos","TCA","Población, total","SP.POP.TOTL","5726","5633","7519","11552","18873","30994","32431","33739","34900","35446","",""
"Chad","TCD","Población, total","SP.POP.TOTL","3001593","3643549","4512042","5956859","8342559","11887202","12705135","13569438","14452543","14899994","",""
"Asia oriental y el Pacífico (BIRF y la AIF)","TEA","Población, total","SP.POP.TOTL","882521780","1101678966","1342000587","1584201525","1792988790","1941604842","1969762859","1998686391","2027896410","2042782723","",""
"Europa y Asia central (BIRF y la AIF)","TEC","Población, total","SP.POP.TOTL","308725569","351365180","390079988","428315596","435043731","441252120","445674287","450514161","455387576","457632291","",""
"Togo","TGO","Población, total","SP.POP.TOTL","1580513","2115522","2720839","3786940","4970367","6502952","6859482","7228915","7606374","7797694","",""
"Tailandia","THA","Población, total","SP.POP.TOTL","27397175","36884913","47385323","56582821","62958021","67208808","67843979","68416772","68863514","69037513","",""
"Tayikistán","TJK","Población, total","SP.POP.TOTL","2087038","2930079","3905413","5283728","6216205","7641630","7995062","8362745","8734951","8921343","",""
"Turkmenistán","TKM","Población, total","SP.POP.TOTL","1603258","2195173","2876808","3683966","4516131","5087210","5267839","5466241","5662544","5758075","",""
"América Latina y el Caribe (BIRF y la AIF)","TLA","Población, total","SP.POP.TOTL","210357620","275222756","349689363","430014112","508826710","580246796","594330743","608136047","621534921","628059792","",""
"Timor-Leste","TLS","Población, total","SP.POP.TOTL","499950","605125","587563","751933","871607","1109591","1156760","1212814","1268671","1296311","",""
"Oriente Medio y Norte de África (BIRF y la AIF)","TMN","Población, total","SP.POP.TOTL","97837766","127942543","167755859","225925572","278033137","331770455","344148796","356783315","369167489","375217005","",""
"Tonga","TON","Población, total","SP.POP.TOTL","61601","84369","93007","95153","98082","104137","104951","105782","107122","108020","",""
"Asia meridional (BIRF y la AIF)","TSA","Población, total","SP.POP.TOTL","571835666","712740919","900076467","1133089464","1386625845","1630806784","1676615491","1721854786","1766393714","1788388852","",""
"África al sur del Sahara (BIRF y la AIF)","TSS","Población, total","SP.POP.TOTL","228586005","292929074","385885281","512177101","670649638","877628367","927039875","979017918","1033212743","1061107721","",""
"Trinidad y Tobago","TTO","Población, total","SP.POP.TOTL","848479","945993","1085308","1221900","1267984","1328100","1341588","1354493","1364962","1369125","",""
"Túnez","TUN","Población, total","SP.POP.TOTL","4176266","5060397","6368167","8232797","9699197","10639931","10886668","11143908","11403248","11532127","",""
"Turquía","TUR","Población, total","SP.POP.TOTL","27472331","34876267","43975921","53921699","63240121","72326914","74569867","77030628","79512426","80745020","",""
"Tuvalu","TUV","Población, total","SP.POP.TOTL","6104","7303","8052","9003","9420","10531","10725","10908","11097","11192","",""
"Tanzanía","TZA","Población, total","SP.POP.TOTL","10074507","13605529","18683157","25459604","34178042","46098591","49082997","52234869","55572201","57310019","",""
"Uganda","UGA","Población, total","SP.POP.TOTL","6788214","9446064","12549540","17438907","24039274","33915133","36306796","38833338","41487965","42862958","",""
"Ucrania","UKR","Población, total","SP.POP.TOTL","42662149","47086761","49968812","51892000","49175848","45870700","45593300","45271947","45004645","44831135","",""
"Ingreso mediano alto","UMC","Población, total","SP.POP.TOTL","1150568959","1419934207","1715481307","2016620835","2260805982","2440543075","2478491686","2517979764","2556921923","2576181497","",""
"Uruguay","URY","Población, total","SP.POP.TOTL","2538651","2809803","2915778","3109989","3321245","3374415","3396777","3419546","3444006","3456750","",""
"Estados Unidos","USA","Población, total","SP.POP.TOTL","180671000","205052000","227225000","249623000","282162411","309326085","313874218","318386421","323071342","325147121","",""
"Uzbekistán","UZB","Población, total","SP.POP.TOTL","8549493","12110028","15939744","20510000","24650400","28562400","29774500","30757700","31847900","32387200","",""
"San Vicente y las Granadinas","VCT","Población, total","SP.POP.TOTL","80949","90452","100505","107505","107898","109315","109328","109357","109643","109897","",""
"Venezuela","VEN","Población, total","SP.POP.TOTL","8146847","11587761","15343916","19861956","24488340","29028033","29893080","30738378","31568179","31977065","",""
"Islas Vírgenes Británicas","VGB","Población, total","SP.POP.TOTL","8033","9803","11002","16461","20645","27224","28509","29588","30661","31196","",""
"Islas Vírgenes (EE.UU.)","VIR","Población, total","SP.POP.TOTL","32500","63476","99636","103963","108642","108358","108191","107884","107510","107268","",""
"Viet Nam","VNM","Población, total","SP.POP.TOTL","32670629","43407287","54372514","68209605","80285562","88472512","90451881","92544915","94569072","95540800","",""
"Vanuatu","VUT","Población, total","SP.POP.TOTL","63699","85389","115632","146634","185063","236295","247485","258850","270402","276244","",""
"Mundo","WLD","Población, total","SP.POP.TOTL","3032250289","3685815205","4439412151","5288137359","6121371868","6932596129","7099311892","7271057715","7443810911","7529719387","",""
"Samoa","WSM","Población, total","SP.POP.TOTL","108646","143176","155557","162866","174610","186205","189194","192290","195125","196440","",""
"Kosovo","XKX","Población, total","SP.POP.TOTL","947000","1219000","1521000","1862000","1700000","1775680","1805200","1821800","1816200","1830700","",""
"Yemen, Rep. del","YEM","Población, total","SP.POP.TOTL","5172135","6193810","8120497","12057039","17874725","23606779","24909969","26246327","27584213","28250420","",""
"Sudáfrica","ZAF","Población, total","SP.POP.TOTL","17456855","22839451","29760471","37560525","45728315","51584663","52998213","54539571","56015473","56717156","",""
"Zambia","ZMB","Población, total","SP.POP.TOTL","3044846","4173928","5889230","8027253","10531221","13850033","14699937","15620974","16591390","17094130","",""
"Zimbabwe","ZWE","Población, total","SP.POP.TOTL","3747369","5175618","7164172","10183113","12222251","14086317","14710826","15411675","16150362","16529904","",""